{
    "$schema": "https://schema.management.azure.com/schemas/2015-01-01/deploymentParameters.json#",
    "contentVersion": "1.0.0.0",
    "parameters": {
        "name": {
            "value": "aka-service-webapp"
        },
        "location": {
            "value": "westeurope"
        },
        "sku": {
            "value": "Standard"
        },
        "skucode": {
            "value": "Standard"
        },
        "repositoryUrl": {
            "value": "https://github.com/AxelWol/aka-service"
        },
        "branch": {
            "value": "main"
        },
        "repositoryToken": {
            "value": null
        },
        "appLocation": {
            "value": "/"
        },
        "apiLocation": {
            "value": ""
        },
        "appArtifactLocation": {
            "value": ""
        },
        "enterpriseGradeCdnStatus": {
            "value": "enabled"
        }
    }
}